{
    "co_training": {
        "epochs": [
            5,
            10,
            15,
            20,
            25,
            30
        ],
        "fids": [
            123.7513427734375,
            104.26834106445312,
            87.20672607421875,
            87.038330078125,
            74.08267211914062,
            62.82666015625
        ],
        "iss": [
            [
                3.41374135017395,
                0.08688705414533615
            ],
            [
                4.047662258148193,
                0.02871972694993019
            ],
            [
                5.108285427093506,
                0.15410016477108002
            ],
            [
                5.126293182373047,
                0.13470450043678284
            ],
            [
                5.258878231048584,
                0.20803271234035492
            ],
            [
                6.156972408294678,
                0.08966892212629318
            ]
        ]
    },
    "flip_lr": {
        "epochs": [
            5,
            10,
            15,
            20,
            25,
            30,
            35,
            40,
            45,
            50,
            55,
            60,
            65,
            70,
            75,
            80,
            85,
            90
        ],
        "fids": [
            102.4156494140625,
            79.74346923828125,
            87.42034912109375,
            69.9796142578125,
            89.114013671875,
            73.52703857421875,
            72.68161010742188,
            88.54913330078125,
            80.76718139648438,
            80.52609252929688,
            86.01220703125,
            75.0709228515625,
            93.28558349609375,
            114.5699462890625,
            87.01593017578125,
            187.17257690429688,
            79.52197265625,
            76.36215209960938
        ],
        "iss": [
            [
                4.894301891326904,
                0.09737687557935715
            ],
            [
                5.577068328857422,
                0.15804284811019897
            ],
            [
                4.813029766082764,
                0.12711167335510254
            ],
            [
                5.757199287414551,
                0.11326218396425247
            ],
            [
                5.115065097808838,
                0.19214610755443573
            ],
            [
                5.667745113372803,
                0.11844602972269058
            ],
            [
                5.228705406188965,
                0.12669555842876434
            ],
            [
                4.709732532501221,
                0.1153675988316536
            ],
            [
                5.310901641845703,
                0.11235988885164261
            ],
            [
                6.481877326965332,
                0.21053561568260193
            ],
            [
                5.917089939117432,
                0.17269648611545563
            ],
            [
                6.144217014312744,
                0.17210324108600616
            ],
            [
                4.918223857879639,
                0.14523233473300934
            ],
            [
                4.926537990570068,
                0.15859001874923706
            ],
            [
                6.142758369445801,
                0.13050848245620728
            ],
            [
                3.361358404159546,
                0.0732075423002243
            ],
            [
                5.281013011932373,
                0.1798381209373474
            ],
            [
                5.483506202697754,
                0.1409378945827484
            ]
        ]
    },
    "full_aug": {
        "epochs": [
            2,
            6,
            11,
            15,
            20,
            25,
            30,
            36,
            41,
            46,
            52,
            57,
            62,
            68,
            73,
            78,
            84,
            89,
            94,
            99,
            103,
            107,
            111,
            116,
            120,
            124,
            128,
            133,
            137,
            141,
            145,
            150,
            154,
            158,
            162,
            167,
            171
        ],
        "fids": [
            151.31887817382812,
            110.2109375,
            93.86993408203125,
            97.39678955078125,
            89.481201171875,
            68.44229125976562,
            69.9837646484375,
            78.97940063476562,
            82.09146118164062,
            67.86721801757812,
            65.057373046875,
            55.19476318359375,
            62.72979736328125,
            49.853118896484375,
            52.55169677734375,
            65.23220825195312,
            52.306640625,
            54.709747314453125,
            52.456390380859375,
            53.8179931640625,
            51.664764404296875,
            49.66888427734375,
            74.79861450195312,
            52.68682861328125,
            51.48602294921875,
            42.446929931640625,
            42.644775390625,
            45.55828857421875,
            40.784027099609375,
            50.123199462890625,
            49.0447998046875,
            52.65167236328125,
            42.132080078125,
            43.48345947265625,
            43.358673095703125,
            42.44915771484375,
            43.98455810546875
        ],